{
  "transition_table": {
    "11_1_1": {
      "distribution": [
        0.7367756748344787,
        0.10806904081748975,
        0.09249296814691906,
        0.015256002979918777,
        0.04740631322119371,
        0.0
      ],
      "sample_count": 2342
    },
    "4_1_1": {
      "distribution": [
        0.10822368421052647,
        0.13555622009569376,
        0.10023923444976086,
        0.01751196172248805,
        0.638468899521531,
        0.0
      ],
      "sample_count": 835
    },
    "11_2_1": {
      "distribution": [
        0.8106301391236469,
        0.08063921076330437,
        0.06583998096938022,
        0.01168778550312356,
        0.031202883640545003,
        0.0
      ],
      "sample_count": 3956
    },
    "11_3_1": {
      "distribution": [
        0.8678692879914983,
        0.05595642933049937,
        0.044414187035069094,
        0.008383368756641923,
        0.02337672688629133,
        0.0
      ],
      "sample_count": 3763
    },
    "4_4_1": {
      "distribution": [
        0.02624177153101956,
        0.03761946925106549,
        0.026669837967661134,
        0.005013547797848539,
        0.9044553734524053,
        0.0
      ],
      "sample_count": 1137
    },
    "11_4_1": {
      "distribution": [
        0.9194139333841845,
        0.0372654462242564,
        0.02600686498855853,
        0.0054805491990847135,
        0.011833206203915722,
        0.0
      ],
      "sample_count": 3932
    },
    "4_3_1": {
      "distribution": [
        0.04883991491660479,
        0.05523177797285428,
        0.04047815517590653,
        0.008101364035383876,
        0.8473487878992505,
        0.0
      ],
      "sample_count": 1255
    },
    "1_0_0": {
      "distribution": [
        0.46103227154678994,
        0.2966715147613306,
        0.0,
        0.026234743504319844,
        0.21606147018755953,
        0.0
      ],
      "sample_count": 3602
    },
    "4_1_0": {
      "distribution": [
        0.1246427572808484,
        0.2029123993698234,
        0.0,
        0.01837290382892852,
        0.6540719395203998,
        0.0
      ],
      "sample_count": 6744
    },
    "4_2_0": {
      "distribution": [
        0.09155844781162463,
        0.14659019370719645,
        0.0,
        0.01529965558466987,
        0.746551702896509,
        0.0
      ],
      "sample_count": 8325
    },
    "11_3_0": {
      "distribution": [
        0.8567291837864062,
        0.1019511628683176,
        0.0,
        0.011283819925680342,
        0.03003583341959586,
        0.0
      ],
      "sample_count": 14830
    },
    "4_4_0": {
      "distribution": [
        0.033029174425822566,
        0.06945841092489148,
        0.0,
        0.007284295468653052,
        0.8902281191806328,
        0.0
      ],
      "sample_count": 3221
    },
    "11_4_0": {
      "distribution": [
        0.9092171247421068,
        0.06767942706758794,
        0.0,
        0.007444182196623318,
        0.015659265993682045,
        0.0
      ],
      "sample_count": 9040
    },
    "11_2_0": {
      "distribution": [
        0.7989847247075268,
        0.14390675971819722,
        0.0,
        0.014762260832986977,
        0.04234625474128908,
        0.0
      ],
      "sample_count": 22838
    },
    "11_1_0": {
      "distribution": [
        0.7324410272559182,
        0.19392484404430277,
        0.0,
        0.017789607305541494,
        0.05584452139423751,
        0.0
      ],
      "sample_count": 19034
    },
    "4_3_0": {
      "distribution": [
        0.06849086576648108,
        0.10660643367752141,
        0.0,
        0.011946981731533158,
        0.8129557188244644,
        0.0
      ],
      "sample_count": 5035
    },
    "4_2_1": {
      "distribution": [
        0.0698325358851674,
        0.08148724082934618,
        0.06628389154704942,
        0.012005582137161103,
        0.770390749601276,
        0.0
      ],
      "sample_count": 1254
    },
    "2_0_1": {
      "distribution": [
        0.4872306910569106,
        0.0870817698561601,
        0.169797138836773,
        0.021605300187617235,
        0.23428510006253905,
        0.0
      ],
      "sample_count": 164
    },
    "1_0_1": {
      "distribution": [
        0.4785476190476192,
        0.21269047619047624,
        0.06771428571428571,
        0.02161904761904758,
        0.21942857142857128,
        0.0
      ],
      "sample_count": 210
    },
    "4_5_1": {
      "distribution": [
        0.006935897435897416,
        0.015807692307692273,
        0.009115384615384596,
        0.0018974358974358971,
        0.9662435897435898,
        0.0
      ],
      "sample_count": 390
    },
    "11_5_1": {
      "distribution": [
        0.9653135888501743,
        0.01956881533101047,
        0.009817073170731706,
        0.0021951219512195007,
        0.003105400696864097,
        0.0
      ],
      "sample_count": 1148
    },
    "4_5_0": {
      "distribution": [
        0.006340782122905002,
        0.028575418994413394,
        0.0,
        0.002113594040968339,
        0.9629702048417133,
        0.0
      ],
      "sample_count": 537
    },
    "11_5_0": {
      "distribution": [
        0.9721881060116354,
        0.02326115061409184,
        0.0,
        0.001729153199741428,
        0.0028215901745313383,
        0.0
      ],
      "sample_count": 1546
    },
    "11_6_1": {
      "distribution": [
        0.994772727272727,
        0.0037987012987012983,
        0.0011688311688311686,
        0.00012987012987012982,
        0.00012987012987012982,
        0.0
      ],
      "sample_count": 154
    },
    "4_6_1": {
      "distribution": [
        0.0003508771929824561,
        0.002105263157894737,
        0.0010526315789473682,
        0.0,
        0.9964912280701754,
        0.0
      ],
      "sample_count": 57
    },
    "11_6_0": {
      "distribution": [
        0.9927702702702702,
        0.006486486486486491,
        0.0,
        0.0004729729729729731,
        0.00027027027027027033,
        0.0
      ],
      "sample_count": 146
    },
    "4_6_0": {
      "distribution": [
        0.0005263157894736842,
        0.00368421052631579,
        0.0,
        0.0,
        0.9957894736842107,
        0.0
      ],
      "sample_count": 38
    }
  },
  "simple_prior": {
    "10": [
      1.0,
      0.0,
      0.0,
      0.0,
      0.0,
      0.0
    ],
    "11": [
      0.8187395968952432,
      0.12250737792854292,
      0.009167025317398778,
      0.012842490524578412,
      0.03674350933423668,
      0.0
    ],
    "4": [
      0.08118159335159773,
      0.1284836195414319,
      0.00871234423382978,
      0.013320060119010194,
      0.7683023827541304,
      0.0
    ],
    "1": [
      0.46179635713503336,
      0.29266609258678794,
      0.0037065471489706268,
      0.025969591761805667,
      0.21586141136740236,
      0.0
    ],
    "2": [
      0.4842288034293722,
      0.08855916269543074,
      0.1731988186167734,
      0.02172822478621909,
      0.2322849904722045,
      0.0
    ],
    "5": [
      0.0,
      0.0,
      0.0,
      0.0,
      0.0,
      1.0
    ]
  },
  "num_rounds": 9,
  "num_seeds": 85,
  "timestamp": "2026-03-20T21:55:23"
}