{
  "transition_table": {
    "11_1_1": {
      "distribution": [
        0.7268485132687119,
        0.11443892543022269,
        0.09620059778207443,
        0.015090510882157694,
        0.04742145263683326,
        0.0
      ],
      "sample_count": 2762
    },
    "4_1_1": {
      "distribution": [
        0.10856664230019503,
        0.13642946890936655,
        0.10555530942957853,
        0.017394535018804034,
        0.6320540443420559,
        0.0
      ],
      "sample_count": 972
    },
    "11_2_1": {
      "distribution": [
        0.8163599490136229,
        0.08021430244306327,
        0.06328943660780396,
        0.01111188584241354,
        0.02902442609309648,
        0.0
      ],
      "sample_count": 4582
    },
    "11_3_1": {
      "distribution": [
        0.8719710253414913,
        0.05565207113159886,
        0.04273954486087855,
        0.0080155494431911,
        0.021621809222839957,
        0.0
      ],
      "sample_count": 4448
    },
    "4_4_1": {
      "distribution": [
        0.023776353021978044,
        0.03646309752747246,
        0.02480614697802192,
        0.004593145604395554,
        0.910361256868132,
        0.0
      ],
      "sample_count": 1400
    },
    "11_4_1": {
      "distribution": [
        0.9217436563658628,
        0.037082511288262024,
        0.02509684770399674,
        0.00515107746502891,
        0.010925907176849617,
        0.0
      ],
      "sample_count": 4726
    },
    "4_3_1": {
      "distribution": [
        0.044783018122729,
        0.05576290369902268,
        0.03976703378546115,
        0.0077145218804306045,
        0.8519725225123566,
        0.0
      ],
      "sample_count": 1501
    },
    "1_0_0": {
      "distribution": [
        0.45310473749873986,
        0.30795156611252494,
        0.0,
        0.025402401304018253,
        0.21354129508471692,
        0.0
      ],
      "sample_count": 4191
    },
    "4_1_0": {
      "distribution": [
        0.12219258877783903,
        0.21495387032083435,
        0.0,
        0.01796371587906321,
        0.6448898250222634,
        0.0
      ],
      "sample_count": 7885
    },
    "4_2_0": {
      "distribution": [
        0.08318841400605319,
        0.14768952896105547,
        0.0,
        0.014250555283574154,
        0.7548715017493173,
        0.0
      ],
      "sample_count": 9746
    },
    "11_3_0": {
      "distribution": [
        0.8618601385726227,
        0.10070526543793519,
        0.0,
        0.010387406093413536,
        0.027047189896028768,
        0.0
      ],
      "sample_count": 17576
    },
    "4_4_0": {
      "distribution": [
        0.030031176881762985,
        0.06931959406274309,
        0.0,
        0.006749386406720681,
        0.8938998426487733,
        0.0
      ],
      "sample_count": 3812
    },
    "11_4_0": {
      "distribution": [
        0.9104945935403099,
        0.0682205998211035,
        0.0,
        0.0069239440593641425,
        0.014360862579222543,
        0.0
      ],
      "sample_count": 10671
    },
    "11_2_0": {
      "distribution": [
        0.8030572006241297,
        0.14482221451662852,
        0.0,
        0.013724927776465423,
        0.03839565708277641,
        0.0
      ],
      "sample_count": 26825
    },
    "11_1_0": {
      "distribution": [
        0.7230473733838282,
        0.2047899933417561,
        0.0,
        0.017405036399363666,
        0.054757596875052064,
        0.0
      ],
      "sample_count": 22113
    },
    "4_3_0": {
      "distribution": [
        0.06213806150228152,
        0.10692841041169636,
        0.0,
        0.011068507837291752,
        0.8198650202487303,
        0.0
      ],
      "sample_count": 5942
    },
    "4_2_1": {
      "distribution": [
        0.0642977150537634,
        0.08183131720430116,
        0.06411962365591407,
        0.011270161290322614,
        0.7784811827956988,
        0.0
      ],
      "sample_count": 1487
    },
    "2_0_1": {
      "distribution": [
        0.483088866614017,
        0.08810000015576835,
        0.17514214249998838,
        0.021167316220624014,
        0.23250167450960238,
        0.0
      ],
      "sample_count": 186
    },
    "1_0_1": {
      "distribution": [
        0.46473346250576514,
        0.22589633229262757,
        0.07167369540948441,
        0.02143961691756501,
        0.21625689287455793,
        0.0
      ],
      "sample_count": 252
    },
    "4_5_1": {
      "distribution": [
        0.006481092436974765,
        0.015850840336134417,
        0.008823529411764685,
        0.0017647058823529408,
        0.9670798319327732,
        0.0
      ],
      "sample_count": 476
    },
    "11_5_1": {
      "distribution": [
        0.9675873048862197,
        0.018365782502419582,
        0.009198769449338695,
        0.0020112384296597664,
        0.0028369047323622003,
        0.0
      ],
      "sample_count": 1416
    },
    "4_5_0": {
      "distribution": [
        0.006140495867768571,
        0.028537190082644617,
        0.0,
        0.002008264462809913,
        0.9633140495867769,
        0.0
      ],
      "sample_count": 605
    },
    "11_5_0": {
      "distribution": [
        0.9728663196173923,
        0.02279314863455679,
        0.0,
        0.0016466038027760197,
        0.0026939279452748697,
        0.0
      ],
      "sample_count": 1750
    },
    "11_6_1": {
      "distribution": [
        0.9954696132596684,
        0.0033149171270718232,
        0.0009944751381215468,
        0.00011049723756906072,
        0.00011049723756906072,
        0.0
      ],
      "sample_count": 181
    },
    "4_6_1": {
      "distribution": [
        0.0002731481481481481,
        0.0017071759259259262,
        0.0008194444444444443,
        0.0,
        0.9972002314814815,
        0.0
      ],
      "sample_count": 72
    },
    "11_6_0": {
      "distribution": [
        0.9935643927059591,
        0.005786388798436997,
        0.0,
        0.0004131390426571152,
        0.00023607945294692288,
        0.0
      ],
      "sample_count": 166
    },
    "4_6_0": {
      "distribution": [
        0.000425531914893617,
        0.0029787234042553193,
        0.0,
        0.0,
        0.9965957446808511,
        0.0
      ],
      "sample_count": 47
    }
  },
  "simple_prior": {
    "10": [
      1.0,
      0.0,
      0.0,
      0.0,
      0.0,
      0.0
    ],
    "11": [
      0.8181266595984198,
      0.13398025244973422,
      0.008962991864703392,
      0.010528799294866113,
      0.028401296792276366,
      0.0
    ],
    "4": [
      0.07288641463015859,
      0.13314395818283303,
      0.008763813011137685,
      0.012181913518597322,
      0.7730239006572733,
      0.0
    ],
    "1": [
      0.46000950974746774,
      0.29507065386352355,
      0.0037876131618849286,
      0.025768163479627595,
      0.21536405974749603,
      0.0
    ],
    "2": [
      0.48419869304226254,
      0.08856364094698498,
      0.17324000009239207,
      0.021723055878950483,
      0.23227461003940997,
      0.0
    ],
    "5": [
      0.0,
      0.0,
      0.0,
      0.0,
      0.0,
      1.0
    ]
  },
  "num_rounds": 12,
  "num_seeds": 100,
  "timestamp": "2026-03-21T07:11:34"
}