{
  "11_4_0": {
    "distribution": [
      0.9288617886178862,
      0.056910569105691054,
      0.0,
      0.0040650406504065045,
      0.01016260162601626,
      0.0
    ],
    "sample_count": 492
  },
  "11_3_0": {
    "distribution": [
      0.8830897703549061,
      0.07724425887265135,
      0.0,
      0.008350730688935281,
      0.031315240083507306,
      0.0
    ],
    "sample_count": 1437
  },
  "11_2_0": {
    "distribution": [
      0.8103688239387613,
      0.12143354210160055,
      0.0,
      0.012178148921363952,
      0.05601948503827418,
      0.0
    ],
    "sample_count": 2874
  },
  "4_1_0": {
    "distribution": [
      0.12311015118790497,
      0.14578833693304535,
      0.0,
      0.0183585313174946,
      0.712742980561555,
      0.0
    ],
    "sample_count": 926
  },
  "1_0_0": {
    "distribution": [
      0.5323275862068966,
      0.19181034482758622,
      0.0,
      0.021551724137931036,
      0.2543103448275862,
      0.0
    ],
    "sample_count": 464
  },
  "11_1_0": {
    "distribution": [
      0.7892215568862275,
      0.13852295409181636,
      0.0,
      0.016766467065868262,
      0.055489021956087826,
      0.0
    ],
    "sample_count": 2505
  },
  "4_4_0": {
    "distribution": [
      0.031446540880503145,
      0.03773584905660377,
      0.0,
      0.0,
      0.9308176100628931,
      0.0
    ],
    "sample_count": 159
  },
  "4_2_0": {
    "distribution": [
      0.11518858307849134,
      0.12130479102956167,
      0.0,
      0.013251783893985729,
      0.7502548419979612,
      0.0
    ],
    "sample_count": 981
  },
  "4_3_0": {
    "distribution": [
      0.08208955223880597,
      0.08582089552238806,
      0.0,
      0.011194029850746268,
      0.8208955223880597,
      0.0
    ],
    "sample_count": 536
  },
  "11_4_1": {
    "distribution": [
      0.9696969696969697,
      0.030303030303030304,
      0.0,
      0.0,
      0.0,
      0.0
    ],
    "sample_count": 33
  },
  "4_4_1": {
    "distribution": [
      0.0,
      0.0,
      0.0,
      0.0,
      1.0,
      0.0
    ],
    "sample_count": 18
  },
  "4_3_1": {
    "distribution": [
      0.037037037037037035,
      0.0,
      0.037037037037037035,
      0.0,
      0.9259259259259259,
      0.0
    ],
    "sample_count": 27
  },
  "11_2_1": {
    "distribution": [
      0.8015873015873016,
      0.0873015873015873,
      0.023809523809523808,
      0.007936507936507936,
      0.07936507936507936,
      0.0
    ],
    "sample_count": 126
  },
  "11_1_1": {
    "distribution": [
      0.7844827586206896,
      0.10344827586206896,
      0.0603448275862069,
      0.0,
      0.05172413793103448,
      0.0
    ],
    "sample_count": 116
  },
  "4_1_1": {
    "distribution": [
      0.0625,
      0.03125,
      0.03125,
      0.03125,
      0.84375,
      0.0
    ],
    "sample_count": 32
  },
  "11_3_1": {
    "distribution": [
      0.8214285714285714,
      0.08928571428571429,
      0.03571428571428571,
      0.0,
      0.05357142857142857,
      0.0
    ],
    "sample_count": 112
  },
  "4_2_1": {
    "distribution": [
      0.1509433962264151,
      0.05660377358490566,
      0.0,
      0.0,
      0.7924528301886793,
      0.0
    ],
    "sample_count": 53
  },
  "2_0_1": {
    "distribution": [
      0.5,
      0.08333333333333333,
      0.08333333333333333,
      0.0,
      0.3333333333333333,
      0.0
    ],
    "sample_count": 12
  },
  "1_0_1": {
    "distribution": [
      0.4444444444444444,
      0.3333333333333333,
      0.0,
      0.0,
      0.2222222222222222,
      0.0
    ],
    "sample_count": 9
  }
}