{
  "settlement": 0.9216940889701402,
  "forest": 1.9019828434819293,
  "ruin": 0.7160268129189519,
  "port": 0.5
}