{
  "settlement": 2.0,
  "forest": 1.3667345312914931,
  "ruin": 2.0,
  "port": 0.6674338319907941
}