{
  "description": "Manhattan-distance calibration tables",
  "distance_metric": "manhattan",
  "distance_bands": [
    0,
    1,
    2,
    3,
    5,
    8,
    12,
    99
  ],
  "band_labels": [
    "d=0",
    "d=1",
    "d=2",
    "d=3",
    "d=4-5",
    "d=6-8",
    "d=9-12",
    "d=13+"
  ],
  "num_rounds": 17,
  "num_seeds": 85,
  "transition_table": {
    "11_5_1": {
      "distribution": [
        0.930576291430277,
        0.03479994028068106,
        0.02161690056733375,
        0.004590922663481715,
        0.008415945058226418,
        0.0
      ],
      "sample_count": 3349
    },
    "4_5_1": {
      "distribution": [
        0.017511781338360035,
        0.033289349670122495,
        0.021588124410933083,
        0.004161168708765288,
        0.9234495758718192,
        0.0
      ],
      "sample_count": 1061
    },
    "11_4_1": {
      "distribution": [
        0.8626212400245545,
        0.05995191323920623,
        0.046368937998772224,
        0.008673010026601287,
        0.022384898710865797,
        0.0
      ],
      "sample_count": 4887
    },
    "4_4_1": {
      "distribution": [
        0.0498527607361963,
        0.06292331288343568,
        0.04561349693251537,
        0.008938650306748489,
        0.8326717791411041,
        0.0
      ],
      "sample_count": 1630
    },
    "4_3_1": {
      "distribution": [
        0.06301406926406924,
        0.08968073593073594,
        0.06209415584415578,
        0.0122781385281385,
        0.7729329004329005,
        0.0
      ],
      "sample_count": 924
    },
    "11_2_1": {
      "distribution": [
        0.7316323185011716,
        0.11207728337236489,
        0.0988407494145197,
        0.015667447306791555,
        0.04178220140515221,
        0.0
      ],
      "sample_count": 2135
    },
    "11_3_1": {
      "distribution": [
        0.8036134608311873,
        0.08862817212210385,
        0.06395365943361545,
        0.012289444648768032,
        0.03151526296432536,
        0.0
      ],
      "sample_count": 2719
    },
    "4_2_1": {
      "distribution": [
        0.08955571227080392,
        0.12007052186177726,
        0.10809590973201702,
        0.017073342736248207,
        0.6652045133991537,
        0.0
      ],
      "sample_count": 709
    },
    "11_1_1": {
      "distribution": [
        0.6998691588785049,
        0.13607009345794377,
        0.08587850467289722,
        0.01757009345794392,
        0.06061214953271018,
        0.0
      ],
      "sample_count": 1070
    },
    "4_1_1": {
      "distribution": [
        0.1383068783068783,
        0.16619047619047622,
        0.09100529100529094,
        0.019404761904761862,
        0.5850925925925926,
        0.0
      ],
      "sample_count": 378
    },
    "4_5_0": {
      "distribution": [
        0.020010955302366365,
        0.06092900964066607,
        0.0,
        0.005795354951796691,
        0.9132646801051709,
        0.0
      ],
      "sample_count": 2282
    },
    "11_4_0": {
      "distribution": [
        0.8511979277932088,
        0.11157685323648744,
        0.0,
        0.010809656056397565,
        0.026415562913906118,
        0.0
      ],
      "sample_count": 18724
    },
    "4_4_0": {
      "distribution": [
        0.05642835130970711,
        0.11546456086286558,
        0.0,
        0.011099383667180452,
        0.8170077041602469,
        0.0
      ],
      "sample_count": 6490
    },
    "4_3_0": {
      "distribution": [
        0.07786127167630047,
        0.1544924132947981,
        0.0,
        0.014766076589595672,
        0.7528802384393057,
        0.0
      ],
      "sample_count": 5536
    },
    "11_3_0": {
      "distribution": [
        0.7956551482754249,
        0.15274850451826433,
        0.0,
        0.014342942598955563,
        0.03725340460735517,
        0.0
      ],
      "sample_count": 15714
    },
    "4_2_0": {
      "distribution": [
        0.1045181552228531,
        0.2170891412837706,
        0.0,
        0.018142316296679024,
        0.6602503871966973,
        0.0
      ],
      "sample_count": 5811
    },
    "11_1_0": {
      "distribution": [
        0.6833705578717497,
        0.23299285288862437,
        0.0,
        0.019702203692673666,
        0.06393438554695231,
        0.0
      ],
      "sample_count": 10074
    },
    "11_5_0": {
      "distribution": [
        0.9255354558610703,
        0.05932867020421314,
        0.0,
        0.005512140215468827,
        0.009623733719247692,
        0.0
      ],
      "sample_count": 6219
    },
    "1_0_0": {
      "distribution": [
        0.43364997202014544,
        0.33101706771124767,
        0.0,
        0.026464745383324367,
        0.20886821488528254,
        0.0
      ],
      "sample_count": 3574
    },
    "4_1_0": {
      "distribution": [
        0.14122094651358125,
        0.24349341921030532,
        0.0,
        0.020698683842061184,
        0.5945869504340523,
        0.0
      ],
      "sample_count": 3571
    },
    "11_2_0": {
      "distribution": [
        0.7231386292834869,
        0.2098990654205656,
        0.0,
        0.017723364485979887,
        0.049238940809967505,
        0.0
      ],
      "sample_count": 16050
    },
    "11_6_0": {
      "distribution": [
        0.9832034883720931,
        0.014139534883720899,
        0.0,
        0.0011104651162790688,
        0.0015465116279069731,
        0.0
      ],
      "sample_count": 860
    },
    "11_6_1": {
      "distribution": [
        0.9814645426515932,
        0.010575539568345255,
        0.00484583761562175,
        0.001187050359712224,
        0.0019270298047276337,
        0.0
      ],
      "sample_count": 973
    },
    "4_6_0": {
      "distribution": [
        0.0037108013937282238,
        0.016986062717770027,
        0.0,
        0.001567944250871081,
        0.9777351916376307,
        0.0
      ],
      "sample_count": 287
    },
    "4_6_1": {
      "distribution": [
        0.003372781065088754,
        0.008934911242603526,
        0.004452662721893484,
        0.0011094674556213012,
        0.9821301775147929,
        0.0
      ],
      "sample_count": 338
    },
    "2_0_1": {
      "distribution": [
        0.4693493150684932,
        0.09654109589041097,
        0.1832191780821918,
        0.02205479452054792,
        0.22883561643835615,
        0.0
      ],
      "sample_count": 146
    },
    "1_0_1": {
      "distribution": [
        0.44866666666666644,
        0.2370714285714286,
        0.07378571428571432,
        0.023142857142857104,
        0.2173333333333335,
        0.0
      ],
      "sample_count": 210
    }
  },
  "simple_prior": {
    "11": [
      0.8011679996134056,
      0.1405309638292227,
      0.009429531012153582,
      0.013174909995891814,
      0.03569659554932633,
      0.0
    ],
    "4": [
      0.07687303994210276,
      0.14651032153565124,
      0.009207533514836145,
      0.01367956715029138,
      0.7537295378571185,
      0.0
    ],
    "1": [
      0.43448335095137414,
      0.32580338266384756,
      0.004094873150105717,
      0.026280391120507736,
      0.20933800211416484,
      0.0
    ],
    "2": [
      0.4693493150684932,
      0.09654109589041097,
      0.1832191780821918,
      0.02205479452054792,
      0.22883561643835615,
      0.0
    ]
  }
}