{
  "baseline": 87.80045191095846,
  "optimized": 89.33951083464605,
  "params": {
    "dead_lo": 0.08,
    "dead_hi": 0.18,
    "boom_lo": 0.22,
    "boom_hi": 0.28,
    "dead_thresh": 0.2,
    "stable_thresh": 0.55,
    "recal_strength": 0.25,
    "cross_max": 0.3
  },
  "baseline_scores": [
    88.66410655036331,
    87.14158546686318,
    92.8870065330671,
    83.91038345460552,
    81.69695750190981,
    90.30536033267617,
    89.99776353722413
  ],
  "optimized_scores": [
    89.19049081884546,
    88.81828546313383,
    93.01638012562529,
    86.28394000012972,
    82.87918490269199,
    93.88337500519454,
    91.30491952690156
  ]
}