{
  "11_3_0": {
    "distribution": [
      0.9918495297805643,
      0.006896551724137931,
      0.0,
      0.0012539184952978057,
      0.0,
      0.0
    ],
    "sample_count": 1595
  },
  "11_4_0": {
    "distribution": [
      1.0,
      0.0,
      0.0,
      0.0,
      0.0,
      0.0
    ],
    "sample_count": 497
  },
  "4_3_0": {
    "distribution": [
      0.0,
      0.006382978723404255,
      0.0,
      0.0,
      0.9936170212765958,
      0.0
    ],
    "sample_count": 470
  },
  "11_2_0": {
    "distribution": [
      0.878733357322778,
      0.11406980928391508,
      0.0,
      0.004318100035984167,
      0.0028787333573227778,
      0.0
    ],
    "sample_count": 2779
  },
  "11_3_1": {
    "distribution": [
      0.9873417721518988,
      0.006329113924050633,
      0.0,
      0.006329113924050633,
      0.0,
      0.0
    ],
    "sample_count": 158
  },
  "4_3_1": {
    "distribution": [
      0.0,
      0.0,
      0.0,
      0.0,
      1.0,
      0.0
    ],
    "sample_count": 50
  },
  "4_2_0": {
    "distribution": [
      0.00819672131147541,
      0.09528688524590163,
      0.0,
      0.007172131147540984,
      0.889344262295082,
      0.0
    ],
    "sample_count": 976
  },
  "4_4_0": {
    "distribution": [
      0.0,
      0.0,
      0.0,
      0.0,
      1.0,
      0.0
    ],
    "sample_count": 204
  },
  "11_1_0": {
    "distribution": [
      0.5294117647058824,
      0.40407239819004526,
      0.0,
      0.014027149321266969,
      0.05248868778280543,
      0.0
    ],
    "sample_count": 2210
  },
  "1_0_0": {
    "distribution": [
      0.22695035460992907,
      0.624113475177305,
      0.0,
      0.030732860520094562,
      0.1182033096926714,
      0.0
    ],
    "sample_count": 423
  },
  "4_1_0": {
    "distribution": [
      0.09622411693057248,
      0.47381242387332523,
      0.0,
      0.014616321559074299,
      0.415347137637028,
      0.0
    ],
    "sample_count": 821
  },
  "11_2_1": {
    "distribution": [
      0.9405405405405406,
      0.04864864864864865,
      0.005405405405405406,
      0.0,
      0.005405405405405406,
      0.0
    ],
    "sample_count": 185
  },
  "11_1_1": {
    "distribution": [
      0.5179856115107914,
      0.26618705035971224,
      0.16546762589928057,
      0.02158273381294964,
      0.02877697841726619,
      0.0
    ],
    "sample_count": 139
  },
  "1_0_1": {
    "distribution": [
      0.2222222222222222,
      0.5,
      0.1111111111111111,
      0.05555555555555555,
      0.1111111111111111,
      0.0
    ],
    "sample_count": 18
  },
  "4_2_1": {
    "distribution": [
      0.0,
      0.0684931506849315,
      0.0136986301369863,
      0.0,
      0.9178082191780822,
      0.0
    ],
    "sample_count": 73
  },
  "4_1_1": {
    "distribution": [
      0.1206896551724138,
      0.27586206896551724,
      0.1206896551724138,
      0.017241379310344827,
      0.46551724137931033,
      0.0
    ],
    "sample_count": 58
  },
  "4_4_1": {
    "distribution": [
      0.0,
      0.0,
      0.0,
      0.0,
      1.0,
      0.0
    ],
    "sample_count": 26
  },
  "2_0_1": {
    "distribution": [
      0.18181818181818182,
      0.36363636363636365,
      0.18181818181818182,
      0.09090909090909091,
      0.18181818181818182,
      0.0
    ],
    "sample_count": 11
  },
  "11_4_1": {
    "distribution": [
      1.0,
      0.0,
      0.0,
      0.0,
      0.0,
      0.0
    ],
    "sample_count": 62
  }
}