{
  "settlement": 1.5793558401241754,
  "forest": 1.4739858511686217,
  "ruin": 0.5,
  "port": 0.5
}