{
  "11_1_0": {
    "distribution": [
      0.4664396887159533,
      0.4396887159533074,
      0.0,
      0.03404669260700389,
      0.05982490272373541,
      0.0
    ],
    "sample_count": 2056
  },
  "11_2_0": {
    "distribution": [
      0.51357733175915,
      0.40102321920503736,
      0.0,
      0.03502558048012593,
      0.050373868555686735,
      0.0
    ],
    "sample_count": 2541
  },
  "4_3_0": {
    "distribution": [
      0.09450171821305842,
      0.3247422680412371,
      0.0,
      0.029209621993127148,
      0.5515463917525774,
      0.0
    ],
    "sample_count": 582
  },
  "4_4_0": {
    "distribution": [
      0.0599250936329588,
      0.21348314606741572,
      0.0,
      0.03745318352059925,
      0.6891385767790262,
      0.0
    ],
    "sample_count": 267
  },
  "11_4_0": {
    "distribution": [
      0.6983471074380165,
      0.2493112947658402,
      0.0,
      0.023415977961432508,
      0.028925619834710745,
      0.0
    ],
    "sample_count": 726
  },
  "11_3_0": {
    "distribution": [
      0.6193317422434368,
      0.31085918854415273,
      0.0,
      0.03341288782816229,
      0.03639618138424821,
      0.0
    ],
    "sample_count": 1676
  },
  "1_0_0": {
    "distribution": [
      0.25839793281653745,
      0.5555555555555556,
      0.0,
      0.05167958656330749,
      0.1343669250645995,
      0.0
    ],
    "sample_count": 387
  },
  "4_1_0": {
    "distribution": [
      0.1281094527363184,
      0.4291044776119403,
      0.0,
      0.03980099502487562,
      0.40298507462686567,
      0.0
    ],
    "sample_count": 804
  },
  "4_2_0": {
    "distribution": [
      0.09936575052854123,
      0.4090909090909091,
      0.0,
      0.0412262156448203,
      0.4503171247357294,
      0.0
    ],
    "sample_count": 946
  },
  "11_3_1": {
    "distribution": [
      0.5959595959595959,
      0.20707070707070707,
      0.10606060606060606,
      0.050505050505050504,
      0.04040404040404041,
      0.0
    ],
    "sample_count": 198
  },
  "11_2_1": {
    "distribution": [
      0.5532994923857868,
      0.2131979695431472,
      0.10152284263959391,
      0.050761421319796954,
      0.08121827411167512,
      0.0
    ],
    "sample_count": 197
  },
  "11_1_1": {
    "distribution": [
      0.5508474576271186,
      0.2457627118644068,
      0.06779661016949153,
      0.09322033898305085,
      0.0423728813559322,
      0.0
    ],
    "sample_count": 118
  },
  "1_0_1": {
    "distribution": [
      0.16666666666666666,
      0.3888888888888889,
      0.0,
      0.16666666666666666,
      0.2777777777777778,
      0.0
    ],
    "sample_count": 18
  },
  "4_2_1": {
    "distribution": [
      0.2,
      0.2571428571428571,
      0.11428571428571428,
      0.05714285714285714,
      0.37142857142857144,
      0.0
    ],
    "sample_count": 70
  },
  "4_3_1": {
    "distribution": [
      0.07228915662650602,
      0.1927710843373494,
      0.10843373493975904,
      0.024096385542168676,
      0.6024096385542169,
      0.0
    ],
    "sample_count": 83
  },
  "11_4_1": {
    "distribution": [
      0.7741935483870968,
      0.12903225806451613,
      0.053763440860215055,
      0.010752688172043012,
      0.03225806451612903,
      0.0
    ],
    "sample_count": 93
  },
  "4_4_1": {
    "distribution": [
      0.045454545454545456,
      0.18181818181818182,
      0.045454545454545456,
      0.045454545454545456,
      0.6818181818181818,
      0.0
    ],
    "sample_count": 22
  },
  "11_5_0": {
    "distribution": [
      0.8,
      0.2,
      0.0,
      0.0,
      0.0,
      0.0
    ],
    "sample_count": 5
  },
  "4_1_1": {
    "distribution": [
      0.06896551724137931,
      0.13793103448275862,
      0.3103448275862069,
      0.034482758620689655,
      0.4482758620689655,
      0.0
    ],
    "sample_count": 29
  },
  "2_0_1": {
    "distribution": [
      0.3333333333333333,
      0.1111111111111111,
      0.2222222222222222,
      0.0,
      0.3333333333333333,
      0.0
    ],
    "sample_count": 9
  }
}